<eml:eml xmlns:eml="eml://ecoinformatics.org/eml-2.1.1"
         xmlns:xsi="http://www.w3.org/2001/XMLSchema-instance"
         xsi:schemaLocation="eml://ecoinformatics.org/eml-2.1.1 http://rs.gbif.org/schema/eml-gbif-profile/1.0.2/eml.xsd"
         packageId="0310b080-ec4b-11dc-b73e-b8a03c50a862"  system="http://gbif.org" scope="system"
         xml:lang="en">

<dataset>
      <alternateIdentifier system="doi.org">doi:10.15468/u3fdk4</alternateIdentifier>
    <alternateIdentifier>2627</alternateIdentifier>
  <title>University of Ghent - Zoology Museum - Vertebratacollectie</title>
<creator>
</creator>
<metadataProvider>
</metadataProvider>
<associatedParty>
<positionName>[data administrator]</positionName><electronicMailAddress>andre.heughebaert@ulb.ac.be</electronicMailAddress></associatedParty>
<associatedParty>
<positionName>[data administrator]</positionName><electronicMailAddress>dominick.verschelde@ugent.be</electronicMailAddress></associatedParty>
<language>en</language>
<abstract>
  <para>The Vertebrates collection of the Zoological Museum of University of Ghent</para>
</abstract>
  <distribution scope="document">
    <online>
      <url function="information">http://tapir.bebif.be/tapir.php/UGENT_vertebrates</url>
    </online>
  </distribution>

</dataset>

<additionalMetadata>
  <metadata>
    <gbif>
        <dateStamp>2015-05-13T06:55:02.372+02:00</dateStamp>
        <citation>BeBIF Provider: University of Ghent - Zoology Museum - Vertebratacollectie</citation>
    </gbif>
  </metadata>
</additionalMetadata>

</eml:eml>
