<eml:eml xmlns:eml="eml://ecoinformatics.org/eml-2.1.1"
         xmlns:xsi="http://www.w3.org/2001/XMLSchema-instance"
         xsi:schemaLocation="eml://ecoinformatics.org/eml-2.1.1 http://rs.gbif.org/schema/eml-gbif-profile/1.0.2/eml.xsd"
         packageId="15b04450-0c60-11dd-84cd-b8a03c50a862"  system="http://gbif.org" scope="system"
         xml:lang="en">

<dataset>
      <alternateIdentifier system="doi.org">doi:10.15468/1rofux</alternateIdentifier>
    <alternateIdentifier>1044</alternateIdentifier>
  <title>Zoology (Museum of Evolution - Uppsala)</title>
<creator>
</creator>
<metadataProvider>
</metadataProvider>
<associatedParty>
<positionName>[data administrator]</positionName><electronicMailAddress>anders.telenius@nrm.se</electronicMailAddress></associatedParty>
<associatedParty>
<positionName>[data administrator]</positionName><electronicMailAddress>fredrik.ronquist@nrm.se</electronicMailAddress></associatedParty>
<associatedParty>
<positionName>[data administrator, system administrator]</positionName><phone>+46 8 5195 4045</phone><electronicMailAddress>mickael.graf@nrm.se</electronicMailAddress></associatedParty>
<language>en</language>
<abstract>
  <para>Database of the zoology collection of the Museum of Evolution in Uppsala.</para>
</abstract>
  <distribution scope="document">
    <online>
      <url function="information">http://www.gbif.se/tapir/tapir.php/em-zoology</url>
    </online>
  </distribution>

</dataset>

<additionalMetadata>
  <metadata>
    <gbif>
        <dateStamp>2015-05-13T06:55:11.389+02:00</dateStamp>
        <citation>GBIF-Sweden: Zoology (Museum of Evolution - Uppsala)</citation>
    </gbif>
  </metadata>
</additionalMetadata>

</eml:eml>
