<eml:eml xmlns:eml="eml://ecoinformatics.org/eml-2.1.1"
         xmlns:xsi="http://www.w3.org/2001/XMLSchema-instance"
         xsi:schemaLocation="eml://ecoinformatics.org/eml-2.1.1 http://rs.gbif.org/schema/eml-gbif-profile/1.0.2/eml.xsd"
         packageId="41a910f3-db13-4520-a3b2-199edb4a32ea"  system="http://gbif.org" scope="system"
         xml:lang="en">

<dataset>
      <alternateIdentifier system="doi.org">doi:10.15468/euqjrh</alternateIdentifier>
    <alternateIdentifier>http://ipt.vertnet.org:8080/ipt/resource.do?r=hsu_wildlife_mammals</alternateIdentifier>
    <alternateIdentifier>41a910f3-db13-4520-a3b2-199edb4a32ea</alternateIdentifier>
    <alternateIdentifier>14033</alternateIdentifier>
  <title>HSU Wildlife Mammals</title>
<creator>
    <individualName>
<givenName>Tamar</givenName>      <surName>Danufsky</surName>
    </individualName>
<organizationName>Humboldt State University, Wildlife Department</organizationName><positionName>Museum Curator</positionName>    <address>
<deliveryPoint>1 Harpst Street</deliveryPoint><city>Arcata</city><administrativeArea>CA</administrativeArea><postalCode>95521</postalCode><country>UNITED_STATES</country>    </address>
<phone>707-826-4034</phone><electronicMailAddress>tamar.danufsky@humboldt.edu</electronicMailAddress><onlineUrl>http://www.humboldt.edu/wildmuseum</onlineUrl></creator>
<metadataProvider>
    <individualName>
<givenName>Tamar</givenName>      <surName>Danufsky</surName>
    </individualName>
<organizationName>Humboldt State University, Wildlife Department</organizationName><positionName>Museum Curator</positionName>    <address>
<deliveryPoint>1 Harpst Street</deliveryPoint><city>Arcata</city><administrativeArea>CA</administrativeArea><postalCode>95521</postalCode><country>UNITED_STATES</country>    </address>
<phone>707-826-4034</phone><electronicMailAddress>tamar.danufsky@humboldt.edu</electronicMailAddress><onlineUrl>http://www.humboldt.edu/wildmuseum</onlineUrl></metadataProvider>
<associatedParty>
    <individualName>
<givenName>John</givenName>      <surName>Wieczorek</surName>
    </individualName>
<organizationName>Museum of Vertebrate Zoology at Berkeley</organizationName><positionName>Information Architect</positionName><electronicMailAddress>tuco@berkeley.edu</electronicMailAddress>    <role>PROGRAMMER</role>
</associatedParty>
<associatedParty>
    <individualName>
<givenName>David</givenName>      <surName>Bloom</surName>
    </individualName>
<organizationName>VertNet</organizationName><positionName>VertNet Coordinator</positionName><electronicMailAddress>dbloom@vertnet.org</electronicMailAddress>    <role>PROGRAMMER</role>
</associatedParty>
<associatedParty>
    <individualName>
<givenName>Laura</givenName>      <surName>Russell</surName>
    </individualName>
<organizationName>VertNet</organizationName><positionName>VertNet Programmer</positionName><electronicMailAddress>larussell@vertnet.org</electronicMailAddress>    <role>PROGRAMMER</role>
</associatedParty>
<pubDate>
        2015-04-07
</pubDate>
<language>ENGLISH</language>
<abstract>
  <para>Humboldt State University Wildlife Department mammal skins, osteology, and live mounts.</para>
</abstract>
  <keywordSet>
      <keyword>Occurrence</keyword>
      <keywordThesaurus>GBIF Dataset Type Vocabulary: http://rs.gbif.org/vocabulary/gbif/dataset_type.xml</keywordThesaurus>
  </keywordSet>
  <keywordSet>
      <keyword>Specimen</keyword>
      <keywordThesaurus>GBIF Dataset Subtype Vocabulary: http://rs.gbif.org/vocabulary/gbif/dataset_subtype.xml</keywordThesaurus>
  </keywordSet>
  <intellectualRights>
    <para>Humboldt State University Wildlife Museum data records may be used by individual researchers or research groups, but they may not be repackaged, resold, or redistributed in any form without the express written consent of Wildlife Department. If any of these records are used in an analysis or report, the provenance of the original data must be acknowledged and the Wildlife Museum notified. Humboldt State University and its staff are not responsible for damages, injury or loss due to the use of these data.</para>
  </intellectualRights>
  <contact>
    <individualName>
<givenName>Tamar</givenName>      <surName>Danufsky</surName>
    </individualName>
<organizationName>Humboldt State University, Wildlife Department</organizationName><positionName>Museum Curator</positionName>    <address>
<deliveryPoint>1 Harpst Street</deliveryPoint><city>Arcata</city><administrativeArea>CA</administrativeArea><postalCode>95521</postalCode><country>UNITED_STATES</country>    </address>
<phone>707-826-4034</phone><electronicMailAddress>tamar.danufsky@humboldt.edu</electronicMailAddress><onlineUrl>http://www.humboldt.edu/wildmuseum</onlineUrl>  </contact>

</dataset>

<additionalMetadata>
  <metadata>
    <gbif>
        <dateStamp>2015-04-08T05:52:11.727+02:00</dateStamp>
        <citation>Humboldt State University Wildlife Museum</citation>
    </gbif>
  </metadata>
</additionalMetadata>

</eml:eml>
