<eml:eml xmlns:eml="eml://ecoinformatics.org/eml-2.1.1"
         xmlns:xsi="http://www.w3.org/2001/XMLSchema-instance"
         xsi:schemaLocation="eml://ecoinformatics.org/eml-2.1.1 http://rs.gbif.org/schema/eml-gbif-profile/1.0.2/eml.xsd"
         packageId="427a6290-0c65-11dd-84d2-b8a03c50a862"  system="http://gbif.org" scope="system"
         xml:lang="en">

<dataset>
      <alternateIdentifier system="doi.org">doi:10.15468/mw39rb</alternateIdentifier>
    <alternateIdentifier>http://www.gbif.se/ipt/resource.do?r=mzlu</alternateIdentifier>
    <alternateIdentifier>427a6290-0c65-11dd-84d2-b8a03c50a862</alternateIdentifier>
    <alternateIdentifier>1533</alternateIdentifier>
  <title>Lund Museum of Zoology (MZLU)</title>
<creator>
    <individualName>
<givenName>Anders</givenName>      <surName>Telenius</surName>
    </individualName>
<organizationName>Swedish Museum of Natural History</organizationName><positionName>Node manager</positionName>    <address>
<country>SWEDEN</country>    </address>
<electronicMailAddress>anders.telenius@nrm.se</electronicMailAddress></creator>
<metadataProvider>
    <individualName>
<givenName>Anders</givenName>      <surName>Telenius</surName>
    </individualName>
<organizationName>Swedish Museum of Natural History</organizationName><positionName>Node manager</positionName>    <address>
<country>SWEDEN</country>    </address>
<electronicMailAddress>anders.telenius@nrm.se</electronicMailAddress></metadataProvider>
<associatedParty>
    <individualName>
<givenName>Anders</givenName>      <surName>Telenius</surName>
    </individualName>
<organizationName>Swedish Museum of Natural History</organizationName><positionName>Node manager</positionName>    <address>
<country>SWEDEN</country>    </address>
<electronicMailAddress>anders.telenius@nrm.se</electronicMailAddress>    <role>USER</role>
</associatedParty>
<pubDate>
        2015-05-27
</pubDate>
<language>ENGLISH</language>
<abstract>
  <para>This database contains information on birds, mammals, reptiles, amphibians and invertebrates from the Museum of Zoology of Lund, Sweden.</para>
</abstract>
  <keywordSet>
      <keyword>Occurrence</keyword>
      <keywordThesaurus>GBIF Dataset Type Vocabulary: http://rs.gbif.org/vocabulary/gbif/dataset_type.xml</keywordThesaurus>
  </keywordSet>
  <contact>
    <individualName>
<givenName>Anders Telenius</givenName>      <surName>Telenius</surName>
    </individualName>
<organizationName>Swedish Museum of Natural History</organizationName><positionName>Node manager</positionName>    <address>
<deliveryPoint>SE</deliveryPoint><country>SWEDEN</country>    </address>
<electronicMailAddress>anders.telenius@nrm.se</electronicMailAddress>  </contact>

</dataset>

<additionalMetadata>
  <metadata>
    <gbif>
        <dateStamp>2015-07-08T06:58:32.561+02:00</dateStamp>
        <citation>GBIF-Sweden: Lund Museum of Zoology (MZLU)</citation>
    </gbif>
  </metadata>
</additionalMetadata>

</eml:eml>
