<eml:eml xmlns:eml="eml://ecoinformatics.org/eml-2.1.1"
         xmlns:xsi="http://www.w3.org/2001/XMLSchema-instance"
         xsi:schemaLocation="eml://ecoinformatics.org/eml-2.1.1 http://rs.gbif.org/schema/eml-gbif-profile/1.0.2/eml.xsd"
         packageId="6ce7290f-47f6-4046-8356-371f5b6749df"  system="http://gbif.org" scope="system"
         xml:lang="en">

<dataset>
      <alternateIdentifier system="doi.org">doi:10.15468/dhbozg</alternateIdentifier>
    <alternateIdentifier>http://ipt.calacademy.org:8080/ipt/resource.do?r=mam</alternateIdentifier>
    <alternateIdentifier>6ce7290f-47f6-4046-8356-371f5b6749df</alternateIdentifier>
    <alternateIdentifier>14132</alternateIdentifier>
  <title>CAS Mammalogy (MAM)</title>
<creator>
    <individualName>
<givenName>Stanley</givenName>      <surName>Blum</surName>
    </individualName>
<organizationName>California Academy of Sciences</organizationName><positionName>Research Information Manager</positionName>    <address>
<deliveryPoint>55 Music Concourse Dr.</deliveryPoint><city>San Francisco</city><administrativeArea>CA</administrativeArea><postalCode>94118</postalCode><country>UNITED_STATES</country>    </address>
<phone>+1 (415) 379-5189</phone><electronicMailAddress>sblum@calacademy.org</electronicMailAddress></creator>
<metadataProvider>
    <individualName>
<givenName>Jon</givenName>      <surName>Fong</surName>
    </individualName>
<organizationName>California Academy of Sciences</organizationName><positionName>Programmer</positionName>    <address>
<deliveryPoint>55 Music Concourse Dr.</deliveryPoint><city>San Francisco</city><administrativeArea>CA</administrativeArea><postalCode>94118</postalCode><country>UNITED_STATES</country>    </address>
<phone>+1 (415) 379-5280</phone><electronicMailAddress>jfong@calacademy.org</electronicMailAddress></metadataProvider>
<associatedParty>
    <individualName>
<givenName>Jon</givenName>      <surName>Fong</surName>
    </individualName>
<electronicMailAddress>jfong@calacademy.org</electronicMailAddress>    <role>USER</role>
</associatedParty>
<pubDate>
        2015-05-25
</pubDate>
<language>ENGLISH</language>
<abstract>
  <para>The electronic catalog of the mammalogy collection at the California Academy of Sciences, San Francisco.</para>
</abstract>
  <keywordSet>
      <keyword>Occurrence</keyword>
      <keywordThesaurus>GBIF Dataset Type Vocabulary: http://rs.gbif.org/vocabulary/gbif/dataset_type.xml</keywordThesaurus>
  </keywordSet>
  <keywordSet>
      <keyword>Specimen</keyword>
      <keywordThesaurus>GBIF Dataset Subtype Vocabulary: http://rs.gbif.org/vocabulary/gbif/dataset_subtype.xml</keywordThesaurus>
  </keywordSet>
  <contact>
    <individualName>
<givenName>Maureen Flannery</givenName>      <surName>Flannery</surName>
    </individualName>
<organizationName>California Academy of Sciences</organizationName><positionName>Collections Manager, Ornithology &amp; Mammalogy</positionName>    <address>
<deliveryPoint>55 Music Concourse Dr., San Francisco, CA US, 94118</deliveryPoint><city>San Francisco</city><administrativeArea>CA</administrativeArea><postalCode>94118</postalCode><country>UNITED_STATES</country>    </address>
<phone>+1 (415) 379-5371</phone><electronicMailAddress>mflannery@calacademy.org</electronicMailAddress><onlineUrl>http://research.calacademy.org/om/staff/mflannery</onlineUrl>  </contact>

</dataset>

<additionalMetadata>
  <metadata>
    <gbif>
        <dateStamp>2015-07-06T06:53:37.451+02:00</dateStamp>
        <citation>California Academy of Sciences: CAS Mammalogy (MAM)</citation>
    </gbif>
  </metadata>
</additionalMetadata>

</eml:eml>
