<eml:eml xmlns:eml="eml://ecoinformatics.org/eml-2.1.1"
         xmlns:xsi="http://www.w3.org/2001/XMLSchema-instance"
         xsi:schemaLocation="eml://ecoinformatics.org/eml-2.1.1 http://rs.gbif.org/schema/eml-gbif-profile/1.0.2/eml.xsd"
         packageId="6d2cfc0a-9903-40b8-802b-403398218e4a"  system="http://gbif.org" scope="system"
         xml:lang="en">

<dataset>
      <alternateIdentifier system="doi.org">doi:10.15468/dx3rcj</alternateIdentifier>
    <alternateIdentifier>http://ipt.vertnet.org:8080/ipt/resource.do?r=ummz_mammals</alternateIdentifier>
    <alternateIdentifier>6d2cfc0a-9903-40b8-802b-403398218e4a</alternateIdentifier>
    <alternateIdentifier>14845</alternateIdentifier>
  <title>UMMZ Mammal Collection</title>
<creator>
    <individualName>
<givenName>Cody</givenName>      <surName>Thompson</surName>
    </individualName>
<organizationName>University of Michigan Museum of Zoology</organizationName><positionName>Mammal Collection Manager &amp; Assistant Research Scientist</positionName>    <address>
<deliveryPoint>1109 Geddes Avenue</deliveryPoint><city>Ann Arbor</city><administrativeArea>Michigan</administrativeArea><postalCode>48109</postalCode><country>UNITED_STATES</country>    </address>
<phone>(734) 615-2810</phone><electronicMailAddress>cwthomp@umich.edu</electronicMailAddress><onlineUrl>http://www.lsa.umich.edu/ummz/mammals</onlineUrl></creator>
<metadataProvider>
    <individualName>
<givenName>Cody</givenName>      <surName>Thompson</surName>
    </individualName>
<organizationName>University of Michigan Museum of Zoology</organizationName><positionName>Mammal Collection Manager &amp; Assistant Research Scientist</positionName>    <address>
<deliveryPoint>1109 Geddes Avenue</deliveryPoint><city>Ann Arbor</city><administrativeArea>Michigan</administrativeArea><postalCode>48109</postalCode><country>UNITED_STATES</country>    </address>
<phone>(734) 615-2810</phone><electronicMailAddress>cwthomp@umich.edu</electronicMailAddress><onlineUrl>http://www.lsa.umich.edu/ummz/mammals</onlineUrl></metadataProvider>
<associatedParty>
    <individualName>
<givenName>John</givenName>      <surName>Torgersen</surName>
    </individualName>
<organizationName>University of Michigan LSAIT - Infrastructure</organizationName><positionName>Database Administrator</positionName>    <address>
<deliveryPoint>LSA Building, 500 S. State Street, Suite 1112</deliveryPoint><city>Ann Arbor</city><administrativeArea>MI</administrativeArea><postalCode>48109</postalCode><country>UNITED_STATES</country>    </address>
<phone>+01 734-615-1771</phone><electronicMailAddress>jtorg@umich.edu</electronicMailAddress><onlineUrl>http://www.lsa.umich.edu/lsait/</onlineUrl>    <role>POINT_OF_CONTACT</role>
</associatedParty>
<associatedParty>
    <individualName>
<givenName>Cody</givenName>      <surName>Thompson</surName>
    </individualName>
<organizationName>University of Michigan Museum of Zoology</organizationName><positionName>Mammal Collection Manager &amp; Assistant Research Scientist</positionName>    <address>
<deliveryPoint>1109 Geddes Avenue</deliveryPoint><city>Ann Arbor</city><administrativeArea>Michigan</administrativeArea><postalCode>48109</postalCode><country>UNITED_STATES</country>    </address>
<phone>(734) 615-2810</phone><electronicMailAddress>cwthomp@umich.edu</electronicMailAddress><onlineUrl>http://www.lsa.umich.edu/ummz/mammals</onlineUrl>    <role>PUBLISHER</role>
</associatedParty>
<associatedParty>
    <individualName>
<givenName>John</givenName>      <surName>Wieczorek</surName>
    </individualName>
<organizationName>Museum of Vertebrate Zoology at UC Berkeley</organizationName><positionName>Information Architect</positionName><electronicMailAddress>tuco@berkeley.edu</electronicMailAddress>    <role>PROGRAMMER</role>
</associatedParty>
<associatedParty>
    <individualName>
<givenName>David</givenName>      <surName>Bloom</surName>
    </individualName>
<organizationName>VertNet</organizationName><positionName>VertNet Coordinator</positionName><electronicMailAddress>dbloom@vertnet.org</electronicMailAddress>    <role>PROGRAMMER</role>
</associatedParty>
<associatedParty>
    <individualName>
<givenName>Laura</givenName>      <surName>Russell</surName>
    </individualName>
<organizationName>VertNet</organizationName><positionName>VertNet Coordinator</positionName><electronicMailAddress>larussell@vertnet.org</electronicMailAddress>    <role>PROGRAMMER</role>
</associatedParty>
<pubDate>
        2015-04-07
</pubDate>
<language>ENGLISH</language>
<abstract>
  <para>Through the efforts of University of Michigan faculty-curators and staff, the Museum of Zoology (UMMZ) develops and maintains excellent zoological collections explicitly for use in research and education benefiting science, society, and the university.&lt;/br&gt;&lt;/br&gt;

The Mammal Division of the Museum of Zoology was established in 1837, and has grown steadily to its current size, with over 150,000 specimens. An important feature of the mammal collection at the Museum of Zoology is our emphasis on non-traditional specimens; that is, preparations that go beyond or replace the traditional skin and skull. Our fluid collection numbers over 15,000 specimens.&lt;/br&gt;&lt;/br&gt;</para>
</abstract>
  <keywordSet>
      <keyword>Occurrence</keyword>
      <keywordThesaurus>GBIF Dataset Type Vocabulary: http://rs.gbif.org/vocabulary/gbif/dataset_type.xml</keywordThesaurus>
  </keywordSet>
  <keywordSet>
      <keyword>Specimen</keyword>
      <keywordThesaurus>GBIF Dataset Subtype Vocabulary: http://rs.gbif.org/vocabulary/gbif/dataset_subtype.xml</keywordThesaurus>
  </keywordSet>
  <intellectualRights>
    <para>http://creativecommons.org/publicdomain/zero/1.0</para>
  </intellectualRights>
  <contact>
    <individualName>
<givenName>Priscilla Tucker</givenName>      <surName>Tucker</surName>
    </individualName>
<organizationName>University of Michigan Museum of Zoology</organizationName><positionName>Professor &amp; Curator</positionName>    <address>
<deliveryPoint>1109 Geddes Avenue, Ann Arbor, Michigan US, 48109</deliveryPoint><city>Ann Arbor</city><administrativeArea>Michigan</administrativeArea><postalCode>48109</postalCode><country>UNITED_STATES</country>    </address>
<phone>(734) 647-2207</phone><electronicMailAddress>ptuck@umich.edu</electronicMailAddress><onlineUrl>http://www.lsa.umich.edu/ummz/mammals</onlineUrl>  </contact>

</dataset>

<additionalMetadata>
  <metadata>
    <gbif>
        <dateStamp>2015-04-11T12:47:25.674+02:00</dateStamp>
        <citation>UMMZ Mammal Collection</citation>
    </gbif>
  </metadata>
</additionalMetadata>

</eml:eml>
