<eml:eml xmlns:eml="eml://ecoinformatics.org/eml-2.1.1"
         xmlns:xsi="http://www.w3.org/2001/XMLSchema-instance"
         xsi:schemaLocation="eml://ecoinformatics.org/eml-2.1.1 http://rs.gbif.org/schema/eml-gbif-profile/1.0.2/eml.xsd"
         packageId="7b19ed22-f762-11e1-a439-00145eb45e9a"  system="http://gbif.org" scope="system"
         xml:lang="en">

<dataset>
      <alternateIdentifier system="doi.org">doi:10.15468/uropaq</alternateIdentifier>
    <alternateIdentifier>11473</alternateIdentifier>
  <title>Mammals (NSMK-MM)</title>
<creator>
<organizationName>NSMK</organizationName>    <address>
<country>KOREA_SOUTH</country>    </address>
</creator>
<metadataProvider>
    <individualName>
<givenName>Hyung-Seon</givenName>      <surName>Park</surName>
    </individualName>
<organizationName>KISTI</organizationName>    <address>
<deliveryPoint>KISTI, 245 Daehak-Ro, Yuseong-Gu, Daejeon City, 305-806 Republic of Korea</deliveryPoint><city>Daejon</city><country>KOREA_SOUTH</country>    </address>
<phone>+82-42-869-1762</phone><electronicMailAddress>seonpark@kisti.re.kr</electronicMailAddress></metadataProvider>
<pubDate>
        2013-08-01
</pubDate>
<language>ENGLISH</language>
<abstract>
  <para>National Science Museum of Korea Mammals Resources</para>
</abstract>
  <contact>
<organizationName>NSMK</organizationName>    <address>
<deliveryPoint>KISTI, 245 Daehak-Ro, Yuseong-Gu, Daejeon City, 305-806 Republic of Korea, Daejon KR</deliveryPoint><country>KOREA_SOUTH</country>    </address>
<phone>+82-42-869-1762</phone><electronicMailAddress>seonpark@kisti.re.kr</electronicMailAddress>  </contact>

</dataset>

<additionalMetadata>
  <metadata>
    <gbif>
        <dateStamp>2015-05-13T06:53:52.955+02:00</dateStamp>
        <citation>National Science Museum of Korea: Mammals (NSMK-MM)</citation>
    </gbif>
  </metadata>
</additionalMetadata>

</eml:eml>
