<eml:eml xmlns:eml="eml://ecoinformatics.org/eml-2.1.1"
         xmlns:xsi="http://www.w3.org/2001/XMLSchema-instance"
         xsi:schemaLocation="eml://ecoinformatics.org/eml-2.1.1 http://rs.gbif.org/schema/eml-gbif-profile/1.0.2/eml.xsd"
         packageId="800ea6f6-f762-11e1-a439-00145eb45e9a"  system="http://gbif.org" scope="system"
         xml:lang="en">

<dataset>
      <alternateIdentifier system="doi.org">doi:10.15468/z3ver6</alternateIdentifier>
    <alternateIdentifier>13240</alternateIdentifier>
  <title>Sistematización de las colecciones científicas del Instituto de Historia Natural y Ecología, (IHNE) Chiapas</title>
<creator>
</creator>
<metadataProvider>
</metadataProvider>
<associatedParty>
<positionName>Bióloga</positionName><phone>(52) 55-50044966</phone><electronicMailAddress>scareaga@conabio.gob.mx</electronicMailAddress></associatedParty>
<language>en</language>
<abstract>
  <para>Se integrarán y sistematizarán los acervos de las colecciones científicas del IHNE con base a los lineamientos internacionales establecidos.</para>
</abstract>

</dataset>

<additionalMetadata>
  <metadata>
    <gbif>
        <dateStamp>2015-05-13T11:57:55.693+02:00</dateStamp>
        <citation>Escobar Ocampo, M. C., Morales Pérez, J. E., Hernández García, E., Guzmán Hernández, J., Riechers Pérez, A. y E. E. Espinoza Medinilla. 2006. Sistematización de las colecciones científicas del Instituto de Historia Natural y ecología, (IHNE) Chiapas. Instituto de Historia Natural y Ecología. Bases de datos SNIB2010-CONABIO. IHNE_Vertebrados proyectos No. V050, L018 y P060. México, D.F.</citation>
    </gbif>
  </metadata>
</additionalMetadata>

</eml:eml>
