<eml:eml xmlns:eml="eml://ecoinformatics.org/eml-2.1.1"
         xmlns:xsi="http://www.w3.org/2001/XMLSchema-instance"
         xsi:schemaLocation="eml://ecoinformatics.org/eml-2.1.1 http://rs.gbif.org/schema/eml-gbif-profile/1.0.2/eml.xsd"
         packageId="81321482-f762-11e1-a439-00145eb45e9a"  system="http://gbif.org" scope="system"
         xml:lang="en">

<dataset>
      <alternateIdentifier system="doi.org">doi:10.15468/xg0cat</alternateIdentifier>
    <alternateIdentifier>13538</alternateIdentifier>
  <title>Tartu University, palaeontology collections</title>
<creator>
</creator>
<metadataProvider>
</metadataProvider>
<associatedParty>
    <address>
<deliveryPoint>Vanemuise 46, Tartu, Estonia</deliveryPoint>    </address>
<electronicMailAddress>mare.isakar@ut.ee</electronicMailAddress>    <role>ADMINISTRATIVE_POINT_OF_CONTACT</role>
</associatedParty>
<associatedParty>
    <address>
<deliveryPoint>Institute of Geology at TUT; Ehitajate 5, 19086 Tallinn, Estonia</deliveryPoint>    </address>
<phone>+3726203027</phone><electronicMailAddress>Olle.Hints@gi.ee</electronicMailAddress>    <role>TECHNICAL_POINT_OF_CONTACT</role>
</associatedParty>
<language>en</language>
<abstract>
  <para>...</para>
</abstract>
  <intellectualRights>
    <para>© University of Tartu, Museum of Geology</para>
  </intellectualRights>
  <contact>
    <address>
<deliveryPoint>Vanemuise 46, Tartu, Estonia</deliveryPoint>    </address>
<electronicMailAddress>mare.isakar@ut.ee</electronicMailAddress>  </contact>

</dataset>

<additionalMetadata>
  <metadata>
    <gbif>
        <dateStamp>2015-05-13T11:55:52.981+02:00</dateStamp>
        <citation>National geological collection of Estonia: www.geocollections.info;  University of Tartu, Museum of Geology</citation>
        <resourceLogoUrl>http://geokogud.info/tug/imgs/UT_logo_small.png</resourceLogoUrl>
    </gbif>
  </metadata>
</additionalMetadata>

</eml:eml>
