<eml:eml xmlns:eml="eml://ecoinformatics.org/eml-2.1.1"
         xmlns:xsi="http://www.w3.org/2001/XMLSchema-instance"
         xsi:schemaLocation="eml://ecoinformatics.org/eml-2.1.1 http://rs.gbif.org/schema/eml-gbif-profile/1.0.2/eml.xsd"
         packageId="81a3887e-76be-4f98-b65c-41a43db33951"  system="http://gbif.org" scope="system"
         xml:lang="en">

<dataset>
      <alternateIdentifier system="doi.org">doi:10.15468/8htpms</alternateIdentifier>
    <alternateIdentifier>http://ipt.vertnet.org:8080/ipt/resource.do?r=uamobs_mamm</alternateIdentifier>
    <alternateIdentifier>81a3887e-76be-4f98-b65c-41a43db33951</alternateIdentifier>
    <alternateIdentifier>14862</alternateIdentifier>
  <title>UAM Mammal Observations (Arctos)</title>
<creator>
    <individualName>
<givenName>Link</givenName>      <surName>Olson</surName>
    </individualName>
<organizationName>University of Alaska Museum</organizationName><positionName>Curator of Mammals</positionName>    <address>
<deliveryPoint>907 Yukon Drive</deliveryPoint><city>Fairbanks</city><administrativeArea>AK</administrativeArea><postalCode>99775-6960</postalCode><country>UNITED_STATES</country>    </address>
<phone>(907) 474-5998</phone><electronicMailAddress>leolson@alaska.edu</electronicMailAddress><onlineUrl>http://linkolson.org/</onlineUrl></creator>
<metadataProvider>
    <individualName>
<givenName>Link</givenName>      <surName>Olson</surName>
    </individualName>
<organizationName>University of Alaska Museum</organizationName><positionName>Curator of Mammals</positionName>    <address>
<deliveryPoint>907 Yukon Drive</deliveryPoint><city>Fairbanks</city><administrativeArea>AK</administrativeArea><postalCode>99775-6960</postalCode><country>UNITED_STATES</country>    </address>
<phone>(907) 474-5998</phone><electronicMailAddress>leolson@alaska.edu</electronicMailAddress><onlineUrl>http://linkolson.org/</onlineUrl></metadataProvider>
<associatedParty>
    <individualName>
<givenName>Kyndall</givenName>      <surName>Hildebrandt</surName>
    </individualName>
<organizationName>University of Alaska Museum</organizationName><positionName>Genomic Resources Collection Manager</positionName>    <address>
<deliveryPoint>907 Yukon Drive</deliveryPoint><city>Fairbanks</city><administrativeArea>AK</administrativeArea><postalCode>99775-6960</postalCode><country>UNITED_STATES</country>    </address>
<phone>(907) 474-6914</phone><electronicMailAddress>kbhildebrandt@alaska.edu</electronicMailAddress><onlineUrl>http://www.uaf.edu/museum/collections/mammal/staff/hildebrandt/</onlineUrl>    <role>POINT_OF_CONTACT</role>
</associatedParty>
<associatedParty>
    <individualName>
<givenName>Aren</givenName>      <surName>Gunderson</surName>
    </individualName>
<organizationName>University of Alaska Museum</organizationName><positionName>Mammals Collection Manager</positionName>    <address>
<deliveryPoint>907 Yukon Drive</deliveryPoint><city>Fairbanks</city><administrativeArea>AK</administrativeArea><postalCode>99775-6960</postalCode><country>UNITED_STATES</country>    </address>
<phone>(907) 474-6947</phone><electronicMailAddress>amgunderson@alaska.edu</electronicMailAddress><onlineUrl>http://www.uaf.edu/museum/collections/mammal/staff/gunderson/</onlineUrl>    <role>POINT_OF_CONTACT</role>
</associatedParty>
<associatedParty>
    <individualName>
<givenName>Dusty</givenName>      <surName>McDonald</surName>
    </individualName>
<organizationName>University of Alaska Museum</organizationName><positionName>Arctos Database Programmer</positionName><electronicMailAddress>dlmcdonald@alaska.edu</electronicMailAddress><onlineUrl>http://arctos.database.museum</onlineUrl>    <role>POINT_OF_CONTACT</role>
</associatedParty>
<associatedParty>
    <individualName>
<givenName>John</givenName>      <surName>Wieczorek</surName>
    </individualName>
<organizationName>Museum of Vertebrate Zoology at UC Berkeley</organizationName><positionName>Information Architect</positionName><electronicMailAddress>tuco@berkeley.edu</electronicMailAddress>    <role>PROGRAMMER</role>
</associatedParty>
<associatedParty>
    <individualName>
<givenName>David</givenName>      <surName>Bloom</surName>
    </individualName>
<positionName>VertNet Coordinator</positionName><electronicMailAddress>dbloom@vertnet.org</electronicMailAddress>    <role>PROGRAMMER</role>
</associatedParty>
<associatedParty>
    <individualName>
<givenName>Laura</givenName>      <surName>Russell</surName>
    </individualName>
<organizationName>VertNet</organizationName><positionName>VertNet Programmer</positionName><electronicMailAddress>larussell@vertnet.org</electronicMailAddress>    <role>PROGRAMMER</role>
</associatedParty>
<pubDate>
        2015-03-24
</pubDate>
<language>ENGLISH</language>
<abstract>
  <para>The University of Alaska Museum (UAM) occasionally records non-vouchered mammal observations in Arctos, particularly of marine mammals from Alaska. Some of these are accompanied by photographs linked to the observational record.</para>
</abstract>
  <keywordSet>
      <keyword>Occurrence</keyword>
      <keywordThesaurus>GBIF Dataset Type Vocabulary: http://rs.gbif.org/vocabulary/gbif/dataset_type.xml</keywordThesaurus>
  </keywordSet>
  <keywordSet>
      <keyword>Observation</keyword>
      <keywordThesaurus>GBIF Dataset Subtype Vocabulary: http://rs.gbif.org/vocabulary/gbif/dataset_subtype.xml</keywordThesaurus>
  </keywordSet>
  <intellectualRights>
    <para>The data and media available through Arctos are the property of the originating institution, with all rights reserved. These records are intended for use in education and research and may not be repackaged, redistributed, or sold in any form without prior written consent from the collection(s) holding such data. Users wishing to include Arctos data or media in publications, reports, websites, or other means of dissemination must acknowledge the provenance of the original data, cite the institutional catalog number(s), and notify the appropriate curator. The date that information was accessed should be cited when downloaded data are used in published analyses. These are secondary data and their accuracy is not guaranteed. Citation of Arctos is no substitute for examination of specimens. The data providers are not responsible for loss or damages due to use of these data. http://arctosdb.org/home/data/ &lt;/br&gt;&lt;/br&gt;</para>
  </intellectualRights>
  <distribution scope="document">
    <online>
      <url function="information">http://www.uaf.edu/museum/mammal/</url>
    </online>
  </distribution>
  <coverage>
      <geographicCoverage>
          <geographicDescription>Alaska</geographicDescription>
        <boundingCoordinates>
          <westBoundingCoordinate>-180</westBoundingCoordinate>
          <eastBoundingCoordinate>180</eastBoundingCoordinate>
          <northBoundingCoordinate>90</northBoundingCoordinate>
          <southBoundingCoordinate>-90</southBoundingCoordinate>
        </boundingCoordinates>
      </geographicCoverage>
      <temporalCoverage>
      </temporalCoverage>
        <taxonomicCoverage>
            <generalTaxonomicCoverage>Cetacea, Carnivora, Rodentia, Artiodactyla</generalTaxonomicCoverage>
            <taxonomicClassification>
                <taxonRankName>Class</taxonRankName>
              <taxonRankValue>Mammalia</taxonRankValue>
            </taxonomicClassification>
        </taxonomicCoverage>
  </coverage>
  <contact>
    <individualName>
<givenName>Link</givenName>      <surName>Olson</surName>
    </individualName>
<organizationName>University of Alaska Museum</organizationName><positionName>Curator of Mammals</positionName>    <address>
<deliveryPoint>907 Yukon Drive</deliveryPoint><city>Fairbanks</city><administrativeArea>AK</administrativeArea><postalCode>99775-6960</postalCode><country>UNITED_STATES</country>    </address>
<phone>(907) 474-5998</phone><electronicMailAddress>leolson@alaska.edu</electronicMailAddress><onlineUrl>http://linkolson.org/</onlineUrl>  </contact>

</dataset>

<additionalMetadata>
  <metadata>
    <gbif>
        <dateStamp>2015-03-25T10:31:26.053+01:00</dateStamp>
        <citation>University of Alaska (UAM), Fairbanks</citation>
        <livingTimePeriod>1957 to present</livingTimePeriod>
    </gbif>
  </metadata>
</additionalMetadata>

</eml:eml>
