<eml:eml xmlns:eml="eml://ecoinformatics.org/eml-2.1.1"
         xmlns:xsi="http://www.w3.org/2001/XMLSchema-instance"
         xsi:schemaLocation="eml://ecoinformatics.org/eml-2.1.1 http://rs.gbif.org/schema/eml-gbif-profile/1.0.2/eml.xsd"
         packageId="835ff8be-ea5c-45e4-b3f3-126852ac56fe"  system="http://gbif.org" scope="system"
         xml:lang="en">

<dataset>
      <alternateIdentifier system="doi.org">doi:10.15468/awwifu</alternateIdentifier>
    <alternateIdentifier>http://ipt.vertnet.org:8080/ipt/resource.do?r=nysm_mammals</alternateIdentifier>
    <alternateIdentifier>835ff8be-ea5c-45e4-b3f3-126852ac56fe</alternateIdentifier>
    <alternateIdentifier>13666</alternateIdentifier>
  <title>NYSM Mammals</title>
<creator>
    <individualName>
<givenName>David</givenName>      <surName>Gerhard</surName>
    </individualName>
<organizationName>New York State Museum</organizationName><positionName>Director, Technology Center</positionName>    <address>
<deliveryPoint>3140 Cultural Education Center</deliveryPoint><city>Albany</city><administrativeArea>NY</administrativeArea><postalCode>12230</postalCode><country>UNITED_STATES</country>    </address>
<phone>5184745818</phone><electronicMailAddress>dgerhard@mail.nysed.gov</electronicMailAddress><onlineUrl>http://www.nysm.nysed.gov/research_collections/</onlineUrl></creator>
<metadataProvider>
    <individualName>
<givenName>David</givenName>      <surName>Gerhard</surName>
    </individualName>
<organizationName>New York State Museum</organizationName><positionName>Director, Technology Center</positionName>    <address>
<deliveryPoint>3140 Cultural Education Center</deliveryPoint><city>Albany</city><administrativeArea>NY</administrativeArea><postalCode>12230</postalCode><country>UNITED_STATES</country>    </address>
<phone>5184745818</phone><electronicMailAddress>dgerhard@mail.nysed.gov</electronicMailAddress><onlineUrl>http://www.nysm.nysed.gov/research_collections/</onlineUrl></metadataProvider>
<associatedParty>
    <individualName>
<givenName>John</givenName>      <surName>Wieczorek</surName>
    </individualName>
<organizationName>Museum of Vertebrate Zoology, UC Berkeley</organizationName><positionName>Information Architect</positionName>    <address>
<deliveryPoint>3101 VLSB</deliveryPoint><city>Berkeley</city><administrativeArea>CA</administrativeArea><postalCode>94720</postalCode><country>UNITED_STATES</country>    </address>
<electronicMailAddress>tuco@berkeley.edu</electronicMailAddress>    <role>PROGRAMMER</role>
</associatedParty>
<associatedParty>
    <individualName>
<givenName>David</givenName>      <surName>Bloom</surName>
    </individualName>
<organizationName>VertNet</organizationName><positionName>VertNet Coordinator</positionName><electronicMailAddress>dbloom@vertnet.org</electronicMailAddress>    <role>PROGRAMMER</role>
</associatedParty>
<associatedParty>
    <individualName>
<givenName>Laura</givenName>      <surName>Russell</surName>
    </individualName>
<organizationName>VertNet</organizationName><positionName>VertNet Programmer</positionName><electronicMailAddress>larussell@vertnet.org</electronicMailAddress>    <role>PROGRAMMER</role>
</associatedParty>
<pubDate>
        2015-02-16
</pubDate>
<language>ENGLISH</language>
<abstract>
  <para>Museum specimens including skins, skeletons, fluid preservations, and frozen tissue.</para>
</abstract>
  <keywordSet>
      <keyword>Occurrence</keyword>
      <keywordThesaurus>GBIF Dataset Type Vocabulary: http://rs.gbif.org/vocabulary/gbif/dataset_type.xml</keywordThesaurus>
  </keywordSet>
  <keywordSet>
      <keyword>Specimen</keyword>
      <keywordThesaurus>GBIF Dataset Subtype Vocabulary: http://rs.gbif.org/vocabulary/gbif/dataset_subtype.xml</keywordThesaurus>
  </keywordSet>
  <additionalInfo>
    <para>The New York State Museum (http://www.nysm.nysed.gov) is part of the Office of Cultural Education (http://www.oce.nysed.gov) within the New York State Education Department (http://www.nysed.gov).</para>
  </additionalInfo>
  <intellectualRights>
    <para>NYSM data records may be used by individual researchers or research
groups, but they may not be repackaged, resold, or redistributed in any
form without the express written consent of a curatorial staff member of
the NYSM. If any of these records are used in an analysis or report, the
provenance of the original data must be acknowledged and the NYSM
notified. The NYSM and its staff are not responsible for damages, injury or loss due to the use of these data.</para>
  </intellectualRights>
  <contact>
    <individualName>
<givenName>Joe</givenName>      <surName>Bopp</surName>
    </individualName>
<organizationName>New York State Museum</organizationName><positionName>Collections Manager, Mammalogy and Ornithology</positionName>    <address>
<deliveryPoint>3140 Cultural Education Center</deliveryPoint><city>Albany</city><administrativeArea>NY</administrativeArea><postalCode>12230</postalCode><country>UNITED_STATES</country>    </address>
<phone>5184862005</phone><electronicMailAddress>jbopp@mail.nysed.gov</electronicMailAddress>  </contact>

</dataset>

<additionalMetadata>
  <metadata>
    <gbif>
        <dateStamp>2015-02-17T06:17:04.752+01:00</dateStamp>
        <citation>New York State Museum</citation>
        <resourceLogoUrl>http://vertnet.nhm.ku.edu:8080/ipt/logo.do?r=nysm_mammals</resourceLogoUrl>
    </gbif>
  </metadata>
</additionalMetadata>

</eml:eml>
