<eml:eml xmlns:eml="eml://ecoinformatics.org/eml-2.1.1"
         xmlns:xsi="http://www.w3.org/2001/XMLSchema-instance"
         xsi:schemaLocation="eml://ecoinformatics.org/eml-2.1.1 http://rs.gbif.org/schema/eml-gbif-profile/1.0.2/eml.xsd"
         packageId="8411c274-49e8-4871-8ddd-9244ab7ae5d2"  system="http://gbif.org" scope="system"
         xml:lang="en">

<dataset>
      <alternateIdentifier system="doi.org">doi:10.15468/evdcls</alternateIdentifier>
    <alternateIdentifier>638</alternateIdentifier>
  <title>Mammal specimens</title>
<creator>
</creator>
<metadataProvider>
</metadataProvider>
<language>en</language>
<abstract>
  <para>SDNHM mammal specimens.</para>
</abstract>
  <contact>
    <individualName>
<givenName>Phil</givenName>      <surName>Unitt</surName>
    </individualName>
<positionName>Birds and Mammals Curator</positionName><phone>+01 619-255-0235</phone><electronicMailAddress>punitt@sdnhm.org</electronicMailAddress>  </contact>

</dataset>

<additionalMetadata>
  <metadata>
    <gbif>
        <dateStamp>2015-05-13T11:51:06.390+02:00</dateStamp>
        <citation>San Diego Natural History Museum: Mammal specimens</citation>
    </gbif>
  </metadata>
</additionalMetadata>

</eml:eml>
