<eml:eml xmlns:eml="eml://ecoinformatics.org/eml-2.1.1"
         xmlns:xsi="http://www.w3.org/2001/XMLSchema-instance"
         xsi:schemaLocation="eml://ecoinformatics.org/eml-2.1.1 http://rs.gbif.org/schema/eml-gbif-profile/1.0.2/eml.xsd"
         packageId="84aefc7e-f762-11e1-a439-00145eb45e9a"  system="http://gbif.org" scope="system"
         xml:lang="en">

<dataset>
      <alternateIdentifier system="doi.org">doi:10.15468/fmuion</alternateIdentifier>
    <alternateIdentifier>631</alternateIdentifier>
  <title>Mammals Specimens</title>
<creator>
    <individualName>
<givenName>Janet</givenName>      <surName>Braun</surName>
    </individualName>
<organizationName>Sam Noble Oklahoma Museum of Natural History</organizationName><positionName>Curator</positionName>    <address>
<deliveryPoint>2401 Chautauqua Ave.</deliveryPoint><city>Norman</city><administrativeArea>Oklahoma</administrativeArea><postalCode>73072</postalCode><country>UNITED_STATES</country>    </address>
<phone>405-325-0801</phone><electronicMailAddress>jkbraun@ou.edu</electronicMailAddress><onlineUrl>http://www.snomnh.ou.edu</onlineUrl></creator>
<metadataProvider>
    <individualName>
<givenName>Paul</givenName>      <surName>King</surName>
    </individualName>
<organizationName>Sam Noble Oklahoma Museum of Natural History</organizationName><positionName>IT Head</positionName>    <address>
<deliveryPoint>2401 Chautauqua Ave.</deliveryPoint><city>Norman</city><administrativeArea>Oklahoma</administrativeArea><postalCode>73072</postalCode><country>UNITED_STATES</country>    </address>
<phone>405-325-4168</phone><electronicMailAddress>pking@ou.edu</electronicMailAddress><onlineUrl>http://www.snomnh.ou.edu</onlineUrl></metadataProvider>
<associatedParty>
    <individualName>
<givenName>Vividh</givenName>      <surName>Vijay</surName>
    </individualName>
<organizationName>Sam Noble Museum of Natural History</organizationName><positionName>Publisher</positionName>    <address>
<deliveryPoint>1119 E Brooks St.</deliveryPoint><city>Norman</city><administrativeArea>Oklahoma</administrativeArea><postalCode>73071</postalCode><country>UNITED_STATES</country>    </address>
<phone>4057958530</phone><electronicMailAddress>vividhvijay007@ou.edu</electronicMailAddress>    <role>PUBLISHER</role>
</associatedParty>
<associatedParty>
    <individualName>
<givenName>Paul</givenName>      <surName>King</surName>
    </individualName>
<organizationName>Sam Noble Oklahoma Museum of Natural History</organizationName><positionName>IT Head</positionName>    <address>
<deliveryPoint>2401 Chautauqua Ave.</deliveryPoint><city>Norman</city><administrativeArea>Oklahoma</administrativeArea><postalCode>73072</postalCode><country>UNITED_STATES</country>    </address>
<phone>405-325-4168</phone><electronicMailAddress>pking@ou.edu</electronicMailAddress><onlineUrl>http://www.snomnh.ou.edu</onlineUrl>    <role>ADMINISTRATIVE_POINT_OF_CONTACT</role>
</associatedParty>
<pubDate>
        2015
</pubDate>
<language>ENGLISH</language>
<abstract>
  <para>The Collection of Mammals of the OMNH was begun in 1899 and has developed into a significant local, regional, national, and international resource. The collection is the core for the division’s scholarly research and the museum’s exhibits, and formal and informal science education programs. 

The SNOMNH mammal collection consists of about 40,000 cataloged specimens, representing 24 of the 29 mammalian orders and 93 of 153 mammalian families.</para>
</abstract>
  <keywordSet>
      <keyword>Specimen</keyword>
      <keywordThesaurus>GBIF Dataset Subtype Vocabulary: http://rs.gbif.org/vocabulary/gbif/dataset_subtype.xml</keywordThesaurus>
  </keywordSet>
  <keywordSet>
      <keyword>Occurrence</keyword>
      <keywordThesaurus>GBIF Dataset Type Vocabulary: http://rs.gbif.org/vocabulary/gbif/dataset_type.xml</keywordThesaurus>
  </keywordSet>
  <additionalInfo>
    <para>The SNOMNH desires to provide only accurate data. Although databases are refreshed and updated regularly, the databases are provided ‘as is’ without express or implied warranty, including the implied warranty of merchantability and fitness for a particular purpose. The SNOMNH does not accept responsibility for the accuracy of data taken by the user. The user accepts the responsibility of verifying the data, in consultation with the curatorial staff and/or by inspection of the specimens or objects and the collection catalogue. The SNOMNH shall not be liable for any damages, injury, or loss suffered by the users of the database or the software, programming, and other documentation found on these web pages or in these databases.</para>
  </additionalInfo>
  <intellectualRights>
    <para>The SNOMNH desires to provide only accurate data. Although databases are refreshed and updated regularly, the databases are provided ‘as is’ without express or implied warranty, including the implied warranty of merchantability and fitness for a particular purpose. The SNOMNH does not accept responsibility for the accuracy of data taken by the user. The user accepts the responsibility of verifying the data, in consultation with the curatorial staff and/or by inspection of the specimens or objects and the collection catalogue. The SNOMNH shall not be liable for any damages, injury, or loss suffered by the users of the database or the software, programming, and other documentation found on these web pages or in these databases.

All data (including photographic images and other archival materials) are for nonprofit, educational, and personal use of students, scholars, and the public only. Any commercial use or publication by printed or electronic media is strictly prohibited without the express written permission of the SNOMNH and any other institution or sponsor that may have any interest in the database. The data may not be repackaged, sold, or redistributed in any form without the express written consent of the curator in charge of the collection or Director of the SNOMNH.

The SNOMNH does not charge for information from our collections, with the stipulation that the SNOMNH is clearly identified as the source of the data in publications. We also request copies or reprints of publications that are based on our collections.

The Board of Regents of the University of Oklahoma holds all right, title and interest in specimens, objects, and archival materials in the SNOMNH collections. If any of these data or materials are used in an analysis or report, the original provenance must be acknowledged and the SNOMNH notified. The Museum should be acknowledged as &quot;Sam Noble Oklahoma Museum of Natural History, University of Oklahoma.&quot;</para>
  </intellectualRights>
  <distribution scope="document">
    <online>
      <url function="information">http://samnoblemuseum.ou.edu/collections-and-research/mammalogy/</url>
    </online>
  </distribution>
  <coverage>
      <geographicCoverage>
          <geographicDescription>The collection includes specimens from around the world.</geographicDescription>
        <boundingCoordinates>
          <westBoundingCoordinate>-180</westBoundingCoordinate>
          <eastBoundingCoordinate>180</eastBoundingCoordinate>
          <northBoundingCoordinate>90</northBoundingCoordinate>
          <southBoundingCoordinate>-90</southBoundingCoordinate>
        </boundingCoordinates>
      </geographicCoverage>
  </coverage>
  <contact>
    <individualName>
<givenName>Brandi Coyner</givenName>      <surName>Coyner</surName>
    </individualName>
<organizationName>Sam Noble Oklahoma Museum of Natural History</organizationName><positionName>Curatorial Associate</positionName>    <address>
<deliveryPoint>2401 Chautauqua Ave., Norman, OK US, 73072</deliveryPoint><city>Norman</city><administrativeArea>OK</administrativeArea><postalCode>73072</postalCode><country>UNITED_STATES</country>    </address>
<phone>405-325-7988</phone><electronicMailAddress>bcoyner@ou.edu</electronicMailAddress><onlineUrl>http://www.snomnh.ou.edu</onlineUrl>  </contact>

</dataset>

<additionalMetadata>
  <metadata>
    <gbif>
        <dateStamp>2015-07-08T04:34:57.011+02:00</dateStamp>
        <citation>Sam Noble Oklahoma Museum of Natural History: Mammals Specimens</citation>
        <resourceLogoUrl>http://iptsnomnh.cloudapp.net:8080/ipt/logo.do?r=mammals</resourceLogoUrl>
    </gbif>
  </metadata>
</additionalMetadata>

</eml:eml>
