<eml:eml xmlns:eml="eml://ecoinformatics.org/eml-2.1.1"
         xmlns:xsi="http://www.w3.org/2001/XMLSchema-instance"
         xsi:schemaLocation="eml://ecoinformatics.org/eml-2.1.1 http://rs.gbif.org/schema/eml-gbif-profile/1.0.2/eml.xsd"
         packageId="84e0347e-f762-11e1-a439-00145eb45e9a"  system="http://gbif.org" scope="system"
         xml:lang="en">

<dataset>
      <alternateIdentifier system="doi.org">doi:10.15468/xccjns</alternateIdentifier>
    <alternateIdentifier>736</alternateIdentifier>
  <title>Database Schema for UC Davis Wildlife museum</title>
<creator>
</creator>
<metadataProvider>
</metadataProvider>
<associatedParty>
<positionName>Curator</positionName><phone>(530) 752-6586</phone><electronicMailAddress>aengilisjr@ucdavis.edu</electronicMailAddress>    <role>TECHNICAL_POINT_OF_CONTACT</role>
</associatedParty>
<language>en</language>
<abstract>
  <para>University of California, Davis Museum Collections</para>
</abstract>
  <intellectualRights>
    <para>preview data</para>
  </intellectualRights>
  <distribution scope="document">
    <online>
      <url function="information">http://herbarium.ucdavis.edu</url>
    </online>
  </distribution>

</dataset>

<additionalMetadata>
  <metadata>
    <gbif>
        <dateStamp>2015-05-13T07:10:25.466+02:00</dateStamp>
        <citation>University of California, Davis Wildlife and Fisheries Museum</citation>
    </gbif>
  </metadata>
</additionalMetadata>

</eml:eml>
