<eml:eml xmlns:eml="eml://ecoinformatics.org/eml-2.1.1"
         xmlns:xsi="http://www.w3.org/2001/XMLSchema-instance"
         xsi:schemaLocation="eml://ecoinformatics.org/eml-2.1.1 http://rs.gbif.org/schema/eml-gbif-profile/1.0.2/eml.xsd"
         packageId="84faa3a4-f762-11e1-a439-00145eb45e9a"  system="http://gbif.org" scope="system"
         xml:lang="en">

<dataset>
      <alternateIdentifier system="doi.org">doi:10.15468/rchosl</alternateIdentifier>
    <alternateIdentifier>776</alternateIdentifier>
  <title>CNMA/Colección Nacional de mamíferos</title>
<creator>
</creator>
<metadataProvider>
</metadataProvider>
<associatedParty>
<phone>+52 55 56229144</phone><electronicMailAddress>yolahm@ibiologia.unam.mx</electronicMailAddress>    <role>ADMINISTRATIVE_POINT_OF_CONTACT</role>
</associatedParty>
<associatedParty>
<phone>+52 55 56228971</phone><electronicMailAddress>daniel@unibio.unam.mx</electronicMailAddress>    <role>TECHNICAL_POINT_OF_CONTACT</role>
</associatedParty>
<associatedParty>
<phone>+52 55 56229067</phone><electronicMailAddress>fac@ibiologia.unam.mx</electronicMailAddress>    <role>ADMINISTRATIVE_POINT_OF_CONTACT</role>
</associatedParty>
<associatedParty>
<phone>+52 55 56228969</phone><electronicMailAddress>joaquin@unibio.unam.mx</electronicMailAddress>    <role>ADMINISTRATIVE_POINT_OF_CONTACT</role>
</associatedParty>
<associatedParty>
<phone>+52 55 56228971</phone><electronicMailAddress>ubaldo@unibio.unam.mx</electronicMailAddress>    <role>TECHNICAL_POINT_OF_CONTACT</role>
</associatedParty>
<associatedParty>
<phone>+52 55 56229144</phone><electronicMailAddress>jvargas@ibiologia.unam.mx</electronicMailAddress>    <role>ADMINISTRATIVE_POINT_OF_CONTACT</role>
</associatedParty>
<language>en</language>
<abstract>
  <para></para>
</abstract>
  <distribution scope="document">
    <online>
      <url function="information">http://digir.unibio.unam.mx</url>
    </online>
  </distribution>
  <contact>
<phone>+52 55 56229144</phone><electronicMailAddress>yolahm@ibiologia.unam.mx</electronicMailAddress>  </contact>

</dataset>

<additionalMetadata>
  <metadata>
    <gbif>
        <dateStamp>2015-05-13T07:10:30.470+02:00</dateStamp>
        <citation>CNMA, Portal UNIBIO, Instituto de Biología, Universidad Nacional Autónoma de México, http://www.unibio.unam.mx consultada el dd/mm/yy.</citation>
    </gbif>
  </metadata>
</additionalMetadata>

</eml:eml>
