<eml:eml xmlns:eml="eml://ecoinformatics.org/eml-2.1.1"
         xmlns:xsi="http://www.w3.org/2001/XMLSchema-instance"
         xsi:schemaLocation="eml://ecoinformatics.org/eml-2.1.1 http://rs.gbif.org/schema/eml-gbif-profile/1.0.2/eml.xsd"
         packageId="88d5d94e-f762-11e1-a439-00145eb45e9a"  system="http://gbif.org" scope="system"
         xml:lang="en">

<dataset>
      <alternateIdentifier system="doi.org">doi:10.15468/yhh31h</alternateIdentifier>
    <alternateIdentifier>2465</alternateIdentifier>
  <title>University of Alberta Mammalogy Collection (UAMZ)</title>
<creator>
</creator>
<metadataProvider>
</metadataProvider>
<associatedParty>
<positionName>Collections Management Advisor</positionName><phone>780 492 0776</phone><electronicMailAddress>erin.mcdonald@ualberta.ca</electronicMailAddress></associatedParty>
<language>en</language>
<abstract>
  <para>With more than 10,000 specimens representing 16 orders and 76 families, the Mammalogy Collection&apos;s taxonomic and geographic scope spans the planet, with strong representation from Northwestern Canada. The collection consists primarily of skins and skulls, with additional skeletal and fluid-preserved specimens. There are many rare and historically important specimens. The collection is used for teaching and research.</para>
</abstract>
  <contact>
    <address>
<deliveryPoint>Edmonton, Alberta CA</deliveryPoint>    </address>
<electronicMailAddress>derocher@ualberta.ca</electronicMailAddress>  </contact>

</dataset>

<additionalMetadata>
  <metadata>
    <gbif>
        <dateStamp>2015-06-18T07:39:27.030+02:00</dateStamp>
        <citation>University of Alberta Museums: University of Alberta Museums, Mammalogy Collection</citation>
    </gbif>
  </metadata>
</additionalMetadata>

</eml:eml>
