<eml:eml xmlns:eml="eml://ecoinformatics.org/eml-2.1.1"
         xmlns:xsi="http://www.w3.org/2001/XMLSchema-instance"
         xsi:schemaLocation="eml://ecoinformatics.org/eml-2.1.1 http://rs.gbif.org/schema/eml-gbif-profile/1.0.2/eml.xsd"
         packageId="88d8974c-f762-11e1-a439-00145eb45e9a"  system="http://gbif.org" scope="system"
         xml:lang="en">

<dataset>
      <alternateIdentifier system="doi.org">doi:10.15468/rwtmwf</alternateIdentifier>
    <alternateIdentifier>http://ipt.vertnet.org:8080/ipt/resource.do?r=ucm_mammals</alternateIdentifier>
    <alternateIdentifier>88d8974c-f762-11e1-a439-00145eb45e9a</alternateIdentifier>
    <alternateIdentifier>2467</alternateIdentifier>
  <title>UCM Mammal Collection (Arctos)</title>
<creator>
    <individualName>
<givenName>Christy</givenName>      <surName>McCain</surName>
    </individualName>
<organizationName>University of Colorado Museum of Natural History</organizationName><positionName>Curator of Vertebrate Zoology</positionName>    <address>
<deliveryPoint>Henderson Building, 15th and Broadway</deliveryPoint><city>Boulder</city><administrativeArea>CO</administrativeArea><postalCode>80309</postalCode><country>UNITED_STATES</country>    </address>
<phone>303-735-1016</phone><electronicMailAddress>christy.mccain@colorado.edu</electronicMailAddress><onlineUrl>http://cumuseum.colorado.edu/</onlineUrl></creator>
<metadataProvider>
    <individualName>
<givenName>Christy</givenName>      <surName>McCain</surName>
    </individualName>
<organizationName>University of Colorado Museum of Natural History</organizationName><positionName>Curator of Vertebrate Zoology</positionName>    <address>
<deliveryPoint>Henderson Building, 15th and Broadway</deliveryPoint><city>Boulder</city><administrativeArea>CO</administrativeArea><postalCode>80309</postalCode><country>UNITED_STATES</country>    </address>
<phone>303-735-1016</phone><electronicMailAddress>christy.mccain@colorado.edu</electronicMailAddress><onlineUrl>http://cumuseum.colorado.edu/</onlineUrl></metadataProvider>
<associatedParty>
    <individualName>
<givenName>Dusty</givenName>      <surName>McDonald</surName>
    </individualName>
<organizationName>University of Alaska Museum</organizationName><positionName>Arctos Database Programmer</positionName><electronicMailAddress>dlmcdonald@alaska.edu</electronicMailAddress><onlineUrl>http://arctos.database.museum</onlineUrl>    <role>POINT_OF_CONTACT</role>
</associatedParty>
<associatedParty>
    <individualName>
<givenName>Emily</givenName>      <surName>Braker</surName>
    </individualName>
<organizationName>University of Colorado Museum of Natural History</organizationName><positionName>Curator of Vertebrate Zoology</positionName>    <address>
<deliveryPoint>Henderson Building, 15th and Broadway</deliveryPoint><city>Boulder</city><administrativeArea>CO</administrativeArea><postalCode>80309</postalCode><country>UNITED_STATES</country>    </address>
<phone>303-492-8466</phone><electronicMailAddress>Emily.Braker@colorado.edu</electronicMailAddress><onlineUrl>http://cumuseum.colorado.edu/</onlineUrl>    <role>POINT_OF_CONTACT</role>
</associatedParty>
<associatedParty>
    <individualName>
<givenName>John</givenName>      <surName>Wieczorek</surName>
    </individualName>
<organizationName>Museum of Vertebrate Zoology at UC Berkeley</organizationName><positionName>Information Architect</positionName><electronicMailAddress>tuco@berkeley.edu</electronicMailAddress>    <role>PROGRAMMER</role>
</associatedParty>
<associatedParty>
    <individualName>
<givenName>David</givenName>      <surName>Bloom</surName>
    </individualName>
<organizationName>VertNet</organizationName><positionName>VertNet Coordinator</positionName><electronicMailAddress>dbloom@vertnet.org</electronicMailAddress><onlineUrl>http://www.vertnet.org</onlineUrl>    <role>PROGRAMMER</role>
</associatedParty>
<associatedParty>
    <individualName>
<givenName>Laura</givenName>      <surName>Russell</surName>
    </individualName>
<organizationName>VertNet</organizationName><positionName>VertNet Programmer</positionName><electronicMailAddress>larussell@vertnet.org</electronicMailAddress><onlineUrl>http://www.vertnet.org</onlineUrl>    <role>PROGRAMMER</role>
</associatedParty>
<pubDate>
        2015-04-03
</pubDate>
<language>ENGLISH</language>
<abstract>
  <para>Vertebrate Zoology in the CU Museum of Natural History is a biodiversity repository of more than 120,000 specimens from five taxa: Fishes, Amphibians and Reptiles (Herpetology), Birds, and Mammals. With the exception of birds, our collections are the largest collections of their kind in Colorado. Since our specimens document changes in biodiversity over the last 200 years, they are treasures of biological and historical significance. The Mammal collection includes over 16,000 specimens with representation from twenty-five countries, with the majority of specimens from Colorado (nearly 70%) and other western states. Specimens are typically preserved as a set of a study skin and an extracted skull, although large mammals are also prepared as hides, taxidermy, and skeletons. Many people have added to the mammal collection over the years, including the pioneer Colorado naturalist, Edward Royal Warren (3,000+ specimens), Donald A. Spencer, Dallas A. Sutton, Leslie Viereck, and emeritus professor and former Museum Director, David M. Armstrong. E.R. Warren&apos;s archive of field notes and photographs are an invaluable resource for documenting distributions and changes of Colorado mammals in the first three decades of the 20th century.</para>
</abstract>
  <keywordSet>
      <keyword>Occurrence</keyword>
      <keywordThesaurus>GBIF Dataset Type Vocabulary: http://rs.gbif.org/vocabulary/gbif/dataset_type.xml</keywordThesaurus>
  </keywordSet>
  <keywordSet>
      <keyword>Specimen</keyword>
      <keywordThesaurus>GBIF Dataset Subtype Vocabulary: http://rs.gbif.org/vocabulary/gbif/dataset_subtype.xml</keywordThesaurus>
  </keywordSet>
  <intellectualRights>
    <para>http://creativecommons.org/publicdomain/zero/1.0 and http://vertnet.org/resources/norms.html</para>
  </intellectualRights>
  <distribution scope="document">
    <online>
      <url function="information">http://cumuseum.colorado.edu/research/vertebrates</url>
    </online>
  </distribution>
  <coverage>
      <geographicCoverage>
          <geographicDescription>Twenty-five countries are represented in the mammal collection, though most specimens are from Colorado (nearly 70%) and other western states.</geographicDescription>
        <boundingCoordinates>
          <westBoundingCoordinate>-180</westBoundingCoordinate>
          <eastBoundingCoordinate>180</eastBoundingCoordinate>
          <northBoundingCoordinate>90</northBoundingCoordinate>
          <southBoundingCoordinate>-90</southBoundingCoordinate>
        </boundingCoordinates>
      </geographicCoverage>
      <temporalCoverage>
      </temporalCoverage>
        <taxonomicCoverage>
            <generalTaxonomicCoverage>More than 14,600 specimens. 2 type specimens (1 holotype &amp; 1 paratype)</generalTaxonomicCoverage>
            <taxonomicClassification>
                <taxonRankName>Class</taxonRankName>
              <taxonRankValue>Mammalia</taxonRankValue>
                <commonName>mammals</commonName>
            </taxonomicClassification>
        </taxonomicCoverage>
  </coverage>
  <contact>
    <individualName>
<givenName>Christy</givenName>      <surName>McCain</surName>
    </individualName>
<organizationName>University of Colorado Museum of Natural History</organizationName><positionName>Curator of Vertebrate Zoology</positionName>    <address>
<deliveryPoint>Henderson Building, 15th and Broadway</deliveryPoint><city>Boulder</city><administrativeArea>CO</administrativeArea><postalCode>80309</postalCode><country>UNITED_STATES</country>    </address>
<phone>303-735-1016</phone><electronicMailAddress>christy.mccain@colorado.edu</electronicMailAddress><onlineUrl>http://cumuseum.colorado.edu/</onlineUrl>  </contact>

</dataset>

<additionalMetadata>
  <metadata>
    <gbif>
        <dateStamp>2015-04-04T04:54:22.079+02:00</dateStamp>
        <citation>University of Colorado Museum of Natural History Mammals Collection</citation>
        <livingTimePeriod>1800 to present</livingTimePeriod>
    </gbif>
  </metadata>
</additionalMetadata>

</eml:eml>
