<eml:eml xmlns:eml="eml://ecoinformatics.org/eml-2.1.1"
         xmlns:xsi="http://www.w3.org/2001/XMLSchema-instance"
         xsi:schemaLocation="eml://ecoinformatics.org/eml-2.1.1 http://rs.gbif.org/schema/eml-gbif-profile/1.0.2/eml.xsd"
         packageId="8c6e1d14-f762-11e1-a439-00145eb45e9a"  system="http://gbif.org" scope="system"
         xml:lang="en">

<dataset>
      <alternateIdentifier system="doi.org">doi:10.1594/pangaea.63622</alternateIdentifier>
    <alternateIdentifier>6084</alternateIdentifier>
  <title>Occurrence of mammalia relicts at site Villa Seckendorff</title>
<creator>
</creator>
<metadataProvider>
</metadataProvider>
<associatedParty>
</associatedParty>
<language>en</language>
<abstract>
  <para></para>
</abstract>
  <distribution scope="document">
    <online>
      <url function="information">http://doi.pangaea.de/doi:10.1594/PANGAEA.63622</url>
    </online>
  </distribution>

</dataset>

<additionalMetadata>
  <metadata>
    <gbif>
        <dateStamp>2014-01-13T01:07:54.598+01:00</dateStamp>
        <citation>Forsten, A; Ziegler, R (2001): Occurrence of mammalia relicts at site Villa Seckendorff. doi:10.1594/PANGAEA.63622</citation>
    </gbif>
  </metadata>
</additionalMetadata>

</eml:eml>
