<eml:eml xmlns:eml="eml://ecoinformatics.org/eml-2.1.1"
         xmlns:xsi="http://www.w3.org/2001/XMLSchema-instance"
         xsi:schemaLocation="eml://ecoinformatics.org/eml-2.1.1 http://rs.gbif.org/schema/eml-gbif-profile/1.0.2/eml.xsd"
         packageId="8d2b5d20-f762-11e1-a439-00145eb45e9a"  system="http://gbif.org" scope="system"
         xml:lang="en">

<dataset>
      <alternateIdentifier system="doi.org">doi:10.1594/pangaea.64584</alternateIdentifier>
    <alternateIdentifier>6232</alternateIdentifier>
  <title>Herdengelhoehle taxa and datings</title>
<creator>
</creator>
<metadataProvider>
</metadataProvider>
<associatedParty>
</associatedParty>
<language>en</language>
<abstract>
  <para></para>
</abstract>
  <distribution scope="document">
    <online>
      <url function="information">http://doi.pangaea.de/doi:10.1594/PANGAEA.64584</url>
    </online>
  </distribution>

</dataset>

<additionalMetadata>
  <metadata>
    <gbif>
        <dateStamp>2014-01-13T11:39:06.292+01:00</dateStamp>
        <citation>Frank, C; Rabeder, G (2001): Herdengelhoehle taxa and datings. doi:10.1594/PANGAEA.64584</citation>
    </gbif>
  </metadata>
</additionalMetadata>

</eml:eml>
