<eml:eml xmlns:eml="eml://ecoinformatics.org/eml-2.1.1"
         xmlns:xsi="http://www.w3.org/2001/XMLSchema-instance"
         xsi:schemaLocation="eml://ecoinformatics.org/eml-2.1.1 http://rs.gbif.org/schema/eml-gbif-profile/1.0.2/eml.xsd"
         packageId="95ec4bf4-f762-11e1-a439-00145eb45e9a"  system="http://gbif.org" scope="system"
         xml:lang="en">

<dataset>
      <alternateIdentifier system="doi.org">doi:10.15468/5qngsb</alternateIdentifier>
    <alternateIdentifier>8009</alternateIdentifier>
  <title>Vertebrate specimens of Jyväskylä University Museum</title>
<creator>
</creator>
<metadataProvider>
</metadataProvider>
<language>en</language>
<abstract>
  <para>The Natural History Section of Jyväskylä University Museum recieves found carcasses of wild birds and mammals and preserves them as scientific specimens. This resource contains information about skin and bone preparations in the vertebrate collection of Jyväskylä University Museum.</para>
</abstract>
  <intellectualRights>
    <para>GBIF Data Sharing Agreement is applied.  GBIF Data Use Agreement is applied.</para>
  </intellectualRights>
  <contact>
<positionName>Mr.</positionName>    <address>
<deliveryPoint>Vesilinna, Ihantolantie 5, Jyväskylä FI, 40720</deliveryPoint>    </address>
<electronicMailAddress>tanja.koskela@jyu.fi</electronicMailAddress>  </contact>

</dataset>

<additionalMetadata>
  <metadata>
    <gbif>
        <dateStamp>2015-05-13T06:58:57.811+02:00</dateStamp>
        <citation>Jyväskylä University Museum - The Section of Natural Sciences: Vertebrate specimens of Jyväskylä University Museum</citation>
        <resourceLogoUrl>http://ipt.digitarium.fi/logo.do?r=jyu_vertebrates</resourceLogoUrl>
    </gbif>
  </metadata>
</additionalMetadata>

</eml:eml>
