<eml:eml xmlns:eml="eml://ecoinformatics.org/eml-2.1.1"
         xmlns:xsi="http://www.w3.org/2001/XMLSchema-instance"
         xsi:schemaLocation="eml://ecoinformatics.org/eml-2.1.1 http://rs.gbif.org/schema/eml-gbif-profile/1.0.2/eml.xsd"
         packageId="95f132fe-f762-11e1-a439-00145eb45e9a"  system="http://gbif.org" scope="system"
         xml:lang="en">

<dataset>
      <alternateIdentifier system="doi.org">doi:10.15468/vbbzks</alternateIdentifier>
    <alternateIdentifier>8013</alternateIdentifier>
  <title>Mammal specimen database of Kanagawa Prefectural Museum of Natural History</title>
<creator>
</creator>
<metadataProvider>
</metadataProvider>
<associatedParty>
<positionName>Curator</positionName><phone>+81-465-21-1515</phone><electronicMailAddress>hirotani@nh.kanagawa-museum.jp</electronicMailAddress></associatedParty>
<associatedParty>
<positionName>Curator</positionName><phone>+81-465-21-1515</phone><electronicMailAddress>hirotani@nh.kanagawa-museum.jp</electronicMailAddress></associatedParty>
<language>en</language>
<abstract>
  <para>Mammal specimens from Japan and other countries, deposited at Kanagawa Prefectural Museum of Natural History</para>
</abstract>
  <distribution scope="document">
    <online>
      <url function="information">http://nh.kanagawa-museum.jp/</url>
    </online>
  </distribution>

</dataset>

<additionalMetadata>
  <metadata>
    <gbif>
        <dateStamp>2015-05-13T06:58:57.414+02:00</dateStamp>
        <citation>National Museum of Nature and Science, Japan: Mammal specimen database of Kanagawa Prefectural Museum of Natural History</citation>
    </gbif>
  </metadata>
</additionalMetadata>

</eml:eml>
