<eml:eml xmlns:eml="eml://ecoinformatics.org/eml-2.1.1"
         xmlns:xsi="http://www.w3.org/2001/XMLSchema-instance"
         xsi:schemaLocation="eml://ecoinformatics.org/eml-2.1.1 http://rs.gbif.org/schema/eml-gbif-profile/1.0.2/eml.xsd"
         packageId="bd2feca8-ec39-4480-9dad-e353ab6a506d"  system="http://gbif.org" scope="system"
         xml:lang="en">

<dataset>
      <alternateIdentifier system="doi.org">doi:10.15468/bbj8ad</alternateIdentifier>
    <alternateIdentifier>http://ipt.vertnet.org:8080/ipt/resource.do?r=utep_verts</alternateIdentifier>
    <alternateIdentifier>bd2feca8-ec39-4480-9dad-e353ab6a506d</alternateIdentifier>
    <alternateIdentifier>14396</alternateIdentifier>
  <title>UTEP Vertebrates</title>
<creator>
    <individualName>
<givenName>Scott</givenName>      <surName>Cutler</surName>
    </individualName>
<organizationName>Centennial Museum</organizationName><positionName>Curator of Collections &amp; Exhibits</positionName>    <address>
<deliveryPoint>The University of Texas at El Paso</deliveryPoint><city>El Paso</city><administrativeArea>TX</administrativeArea><postalCode>79968-0533</postalCode><country>UNITED_STATES</country>    </address>
<phone>+01 915-747-6668</phone><electronicMailAddress>scutler@utep.edu</electronicMailAddress><onlineUrl>https://www.utep.edu/leb/collect/collect.htm</onlineUrl></creator>
<metadataProvider>
    <individualName>
<givenName>Scott</givenName>      <surName>Cutler</surName>
    </individualName>
<organizationName>Centennial Museum</organizationName><positionName>Curator of Collections &amp; Exhibits</positionName>    <address>
<deliveryPoint>The University of Texas at El Paso</deliveryPoint><city>El Paso</city><administrativeArea>TX</administrativeArea><postalCode>79968-0533</postalCode><country>UNITED_STATES</country>    </address>
<phone>+01 915-747-6668</phone><electronicMailAddress>scutler@utep.edu</electronicMailAddress><onlineUrl>https://www.utep.edu/leb/collect/collect.htm</onlineUrl></metadataProvider>
<associatedParty>
    <individualName>
<givenName>Scott</givenName>      <surName>Cutler</surName>
    </individualName>
<organizationName>Laboratory for Environmental Biology</organizationName><positionName>Curator of Ornithology</positionName>    <address>
<deliveryPoint>University of Texas at El Paso</deliveryPoint><city>El Paso</city><administrativeArea>TX</administrativeArea><postalCode>79968-0519</postalCode><country>UNITED_STATES</country>    </address>
<electronicMailAddress>scutler@utep.edu</electronicMailAddress><onlineUrl>http://www.utep.edu/leb/default.htm</onlineUrl>    <role>POINT_OF_CONTACT</role>
</associatedParty>
<associatedParty>
    <individualName>
<givenName>Robert</givenName>      <surName>Webb</surName>
    </individualName>
<organizationName>Laboratory for Environmental Biology</organizationName><positionName>Co-Curator of the Herpetology Collection</positionName>    <address>
<deliveryPoint>University of Texas at El Paso</deliveryPoint><city>El Paso</city><administrativeArea>TX</administrativeArea><postalCode>79968-0519</postalCode><country>UNITED_STATES</country>    </address>
<electronicMailAddress>rgwebb@utep.edu</electronicMailAddress><onlineUrl>http://www.utep.edu/leb/default.htm</onlineUrl>    <role>POINT_OF_CONTACT</role>
</associatedParty>
<associatedParty>
    <individualName>
<givenName>Carl</givenName>      <surName>Lieb</surName>
    </individualName>
<organizationName>Laboratory for Environmental Biology</organizationName><positionName>Co-Curator of the Herpetology Collection</positionName>    <address>
<deliveryPoint>University of Texas at El Paso</deliveryPoint><city>El Paso</city><administrativeArea>TX</administrativeArea><postalCode>79968-0519</postalCode><country>UNITED_STATES</country>    </address>
<electronicMailAddress>clieb@utep.edu</electronicMailAddress><onlineUrl>http://www.utep.edu/leb/default.htm</onlineUrl>    <role>POINT_OF_CONTACT</role>
</associatedParty>
<associatedParty>
    <individualName>
<givenName>Arthur</givenName>      <surName>Harris</surName>
    </individualName>
<organizationName>Laboratory for Environmental Biology</organizationName><positionName>Curator of the Mammal and Paleobiology collections</positionName>    <address>
<deliveryPoint>University of Texas at El Paso</deliveryPoint><city>El Paso</city><administrativeArea>TX</administrativeArea><postalCode>79968-0519</postalCode><country>UNITED_STATES</country>    </address>
<electronicMailAddress>aharris@utep.edu</electronicMailAddress><onlineUrl>http://www.utep.edu/leb/default.htm</onlineUrl>    <role>POINT_OF_CONTACT</role>
</associatedParty>
<associatedParty>
    <individualName>
<givenName>John</givenName>      <surName>Wieczorek</surName>
    </individualName>
<organizationName>Museum of Vertebrate Zoology at Berkeley</organizationName><positionName>Information Architect</positionName><electronicMailAddress>tuco@berkeley.edu</electronicMailAddress>    <role>PROGRAMMER</role>
</associatedParty>
<associatedParty>
    <individualName>
<givenName>David</givenName>      <surName>Bloom</surName>
    </individualName>
<organizationName>VertNet</organizationName><positionName>VertNet Coordinator</positionName><electronicMailAddress>dbloom@vertnet.org</electronicMailAddress>    <role>PROGRAMMER</role>
</associatedParty>
<associatedParty>
    <individualName>
<givenName>Laura</givenName>      <surName>Russell</surName>
    </individualName>
<organizationName>VertNet</organizationName><positionName>VertNet Programmer</positionName><electronicMailAddress>larussell@vertnet.org</electronicMailAddress>    <role>PROGRAMMER</role>
</associatedParty>
<pubDate>
        2015-02-22
</pubDate>
<language>ENGLISH</language>
<abstract>
  <para>The UTEP Biodiversity Collections originated as departmental teaching and research collections in the early 1960s. Between the mid-1960s and the early 1970s, the collections were formalized under the name Museum of Arid Land Biology (acronym MALB). In 1976, organizational changes instituted by the university resulted in the renaming of the collections and associated activities as the Laboratory for Environmental Biology (acronym UTEP, though locally called the &quot;LEB&quot;). In July of 1993, the Laboratory became associated with the University of Texas at El Paso&apos;s Centennial Museum through a memorandum of understanding.&lt;br&gt;&lt;br&gt;

Some 160,000 curated specimens form the base for research by Centennial Museum personnel and faculty curators; by graduate and undergraduate students from the University of Texas at El Paso; and, through loans and visitation, graduate students and professionals from other institutions. The name was changed to UTEP Biodiversity Collections in August of 2012.&lt;br&gt;&lt;br&gt;

Collections primarily are of modern and fossil vertebrate biology (amphibians, reptiles, birds, and mammals).  The collections have a regional emphasis, but also contain material from outside the Southwest, particularly from Mexico. The research collections are maintained in the Biology Building.</para>
</abstract>
  <keywordSet>
      <keyword>Occurrence</keyword>
      <keywordThesaurus>GBIF Dataset Type Vocabulary: http://rs.gbif.org/vocabulary/gbif/dataset_type.xml</keywordThesaurus>
  </keywordSet>
  <keywordSet>
      <keyword>Specimen</keyword>
      <keywordThesaurus>GBIF Dataset Subtype Vocabulary: http://rs.gbif.org/vocabulary/gbif/dataset_subtype.xml</keywordThesaurus>
  </keywordSet>
  <intellectualRights>
    <para>UTEP data records may be used by individual researchers or research groups, but they may not be repackaged, resold, or redistributed in any form without the express written consent of a curatorial staff member of the University of Texas at El Paso. If any of these records are used in an analysis or report, the provenance of the original data must be acknowledged and UTEP notified. The University of Texas at El Paso or its staff are not responsible for damages, injury or loss due to the use of these data.</para>
  </intellectualRights>
  <distribution scope="document">
    <online>
      <url function="information">http://museum.utep.edu</url>
    </online>
  </distribution>
  <coverage>
      <geographicCoverage>
          <geographicDescription>The collections have a regional emphasis, but also contain material from outside the Southwest, particularly from Mexico.</geographicDescription>
        <boundingCoordinates>
          <westBoundingCoordinate>-123.91</westBoundingCoordinate>
          <eastBoundingCoordinate>-93.01</eastBoundingCoordinate>
          <northBoundingCoordinate>41.88</northBoundingCoordinate>
          <southBoundingCoordinate>15.15</southBoundingCoordinate>
        </boundingCoordinates>
      </geographicCoverage>
      <temporalCoverage>
      </temporalCoverage>
  </coverage>
  <contact>
    <individualName>
<givenName>Scott</givenName>      <surName>Cutler</surName>
    </individualName>
<organizationName>Centennial Museum</organizationName><positionName>Curator of Collections &amp; Exhibits</positionName>    <address>
<deliveryPoint>The University of Texas at El Paso</deliveryPoint><city>El Paso</city><administrativeArea>TX</administrativeArea><postalCode>79968-0533</postalCode><country>UNITED_STATES</country>    </address>
<phone>+01 915-747-6668</phone><electronicMailAddress>scutler@utep.edu</electronicMailAddress><onlineUrl>https://www.utep.edu/leb/collect/collect.htm</onlineUrl>  </contact>

</dataset>

<additionalMetadata>
  <metadata>
    <gbif>
        <dateStamp>2015-02-23T04:02:34.360+01:00</dateStamp>
        <citation>Laboratory for Environmental Biology, Centennial Museum, University of Texas at El Paso</citation>
        <formationPeriod>Pleistocene-Holocene</formationPeriod>
    </gbif>
  </metadata>
</additionalMetadata>

</eml:eml>
