<eml:eml xmlns:eml="eml://ecoinformatics.org/eml-2.1.1"
         xmlns:xsi="http://www.w3.org/2001/XMLSchema-instance"
         xsi:schemaLocation="eml://ecoinformatics.org/eml-2.1.1 http://rs.gbif.org/schema/eml-gbif-profile/1.0.2/eml.xsd"
         packageId="dce8feb0-6c89-11de-8225-b8a03c50a862"  system="http://gbif.org" scope="system"
         xml:lang="en">

<dataset>
      <alternateIdentifier system="doi.org">doi:10.15468/e7susi</alternateIdentifier>
    <alternateIdentifier>14113</alternateIdentifier>
  <title>Australian Museum provider for OZCAM</title>
<creator>
<organizationName>OZCAM (Online Zoological Collections of Australian Museums) Provider</organizationName></creator>
<metadataProvider>
<organizationName>OZCAM (Online Zoological Collections of Australian Museums) Provider</organizationName></metadataProvider>
<associatedParty>
<organizationName>Australian Museum</organizationName>    <address>
<deliveryPoint>6 College Street</deliveryPoint><city>Sydney</city><administrativeArea>New South Wales</administrativeArea><postalCode>2010</postalCode><country>AUSTRALIA</country>    </address>
<phone>(612) 9320 6000</phone>    <role>ORIGINATOR</role>
</associatedParty>
<associatedParty>
<organizationName>Atlas of Living Australia (ALA)</organizationName>    <address>
<deliveryPoint>CSIRO Black Mountain Laboratories, Clunies Ross Street, ACTON</deliveryPoint><city>Canberra</city><administrativeArea>ACT</administrativeArea><postalCode>2601</postalCode><country>AUSTRALIA</country>    </address>
<electronicMailAddress>info@ala.org.au</electronicMailAddress>    <role>DISTRIBUTOR</role>
</associatedParty>
<pubDate>
        2013-08-02
</pubDate>
<language>ENGLISH</language>
<abstract>
  <para>The Australian Museum is making a range of species information and data from its natural history collections available through the Atlas of Living Australia.</para>
</abstract>
  <contact>
    <individualName>
<givenName>OZCAM</givenName>      <surName>Webmaster</surName>
    </individualName>
<positionName>Webmaster</positionName><electronicMailAddress>OZCAM.CHAFC@gmail.com</electronicMailAddress>  </contact>

</dataset>

<additionalMetadata>
  <metadata>
    <gbif>
        <dateStamp>2015-02-24T09:50:32.420+01:00</dateStamp>
        <citation>Australian Museum: Australian Museum provider for OZCAM</citation>
    </gbif>
  </metadata>
</additionalMetadata>

</eml:eml>
