<eml:eml xmlns:eml="eml://ecoinformatics.org/eml-2.1.1"
         xmlns:xsi="http://www.w3.org/2001/XMLSchema-instance"
         xsi:schemaLocation="eml://ecoinformatics.org/eml-2.1.1 http://rs.gbif.org/schema/eml-gbif-profile/1.0.2/eml.xsd"
         packageId="f440262c-1d2c-11e2-8fd4-00145eb45e9a"  system="http://gbif.org" scope="system"
         xml:lang="en">

<dataset>
      <alternateIdentifier system="doi.org">doi:10.15468/wubc0t</alternateIdentifier>
    <alternateIdentifier>14575</alternateIdentifier>
  <title>Collection Mammalogie - ZSRO</title>
<creator>
</creator>
<metadataProvider>
</metadataProvider>
<associatedParty>
    <role>ADMINISTRATIVE_POINT_OF_CONTACT</role>
</associatedParty>
<associatedParty>
    <address>
<deliveryPoint>Senckenberg, Senckenberganlage 25, D-60325 Frankfurt am Main, Germany</deliveryPoint>    </address>
<electronicMailAddress>info_sesam@senckenberg.de</electronicMailAddress>    <role>TECHNICAL_POINT_OF_CONTACT</role>
</associatedParty>
<language>en</language>
<abstract>
  <para>Mammals of the world</para>
</abstract>
  <distribution scope="document">
    <online>
      <url function="information">http://www.biologie.uni-rostock.de/zoologie/sammlung.htm</url>
    </online>
  </distribution>
  <contact>
  </contact>

</dataset>

<additionalMetadata>
  <metadata>
    <gbif>
        <dateStamp>2015-05-13T11:52:26.846+02:00</dateStamp>
        <citation>Senckenberg: Collection Mammalogie - ZSRO</citation>
    </gbif>
  </metadata>
</additionalMetadata>

</eml:eml>
