<eml:eml xmlns:eml="eml://ecoinformatics.org/eml-2.1.1"
         xmlns:xsi="http://www.w3.org/2001/XMLSchema-instance"
         xsi:schemaLocation="eml://ecoinformatics.org/eml-2.1.1 http://rs.gbif.org/schema/eml-gbif-profile/1.0.2/eml.xsd"
         packageId="fa375330-6c8a-11de-8226-b8a03c50a862"  system="http://gbif.org" scope="system"
         xml:lang="en">

<dataset>
      <alternateIdentifier system="doi.org">doi:10.15468/wz4rrh</alternateIdentifier>
    <alternateIdentifier>14121</alternateIdentifier>
  <title>South Australian Museum Australia provider for OZCAM</title>
<creator>
<organizationName>OZCAM (Online Zoological Collections of Australian Museums) Provider</organizationName></creator>
<metadataProvider>
<organizationName>OZCAM (Online Zoological Collections of Australian Museums) Provider</organizationName></metadataProvider>
<associatedParty>
<organizationName>South Australian Museum</organizationName>    <address>
<deliveryPoint>North Terrace</deliveryPoint><city>Adelaide</city><administrativeArea>South Australia</administrativeArea><postalCode>5000</postalCode><country>AUSTRALIA</country>    </address>
    <role>ORIGINATOR</role>
</associatedParty>
<associatedParty>
<organizationName>Atlas of Living Australia</organizationName>    <address>
<deliveryPoint>CSIRO Ecosystems Services</deliveryPoint><city>Canberra</city><administrativeArea>ACT</administrativeArea><postalCode>2605</postalCode><country>AUSTRALIA</country>    </address>
<electronicMailAddress>info@ala.org.au</electronicMailAddress>    <role>DISTRIBUTOR</role>
</associatedParty>
<pubDate>
        2014-05-14
</pubDate>
<language>ENGLISH</language>
<abstract>
  <para>South Australian Museum Australia provider for OZCAM</para>
</abstract>
  <contact>
    <individualName>
<givenName>OZCAM</givenName>      <surName>Webmaster</surName>
    </individualName>
<positionName>Webmaster</positionName><electronicMailAddress>OZCAM.CHAFC@gmail.com</electronicMailAddress>  </contact>

</dataset>

<additionalMetadata>
  <metadata>
    <gbif>
        <dateStamp>2015-05-13T06:56:28.690+02:00</dateStamp>
        <citation>South Australian Museum: South Australian Museum Australia provider for OZCAM</citation>
    </gbif>
  </metadata>
</additionalMetadata>

</eml:eml>
